
 #### Filtering & Searching
```
WHERE ORDER BY LIMIT Logical Operators: AND, OR, NOT  Pattern Matching: LIKE   Range Checking: BETWEEN  Set Checking: IN   NULL Handling: IS NULL, IS NOT NULL

```

#### create a table name college 
```sql
CREATE TABLE college (
  id INT PRIMARY KEY,
  name VARCHAR(100),
  age INT,
  city VARCHAR(100),
  marks INT,
  phone VARCHAR(15)
);
```

### Sample Data:
```sql
INSERT INTO college (id, name, age, city, marks, phone)
VALUES
  (1, 'Anas', 22, 'Delhi', 88, NULL),
  (2, 'Zara', 20, 'Mumbai', 72, '9876543210'),
  (3, 'Muskan', 23, 'Kolkata', 92, '8765432109'),
  (4, 'Aman', 18, 'Delhi', 60, NULL),
  (5, 'Riya', 21, 'Hyderabad', 85, '9999999999');
  
```
SELECT * FROM college;
```sql
+----+--------+------+-----------+-------+------------+
| id | name   | age  | city      | marks | phone      |
+----+--------+------+-----------+-------+------------+
|  1 | Anas   |   22 | Delhi     |    88 | NULL       |
|  2 | Zara   |   20 | Mumbai    |    72 | 9876543210 |
|  3 | Muskan |   23 | Kolkata   |    92 | 8765432109 |
|  4 | Aman   |   18 | Delhi     |    60 | NULL       |
|  5 | Riya   |   21 | Hyderabad |    78 | 9999999999 |
+----+--------+------+-----------+-------+------------+
```
## 🧪 CRUD Operations

### ✅ INSERT
```sql
INSERT INTO college (id, name, age, city, marks, phone)
values ( 6, 'Neha', 24, 'pune',81,'8888888888');
```
```mysql
 select * from college;
+----+--------+------+-----------+-------+------------+
| id | name   | age  | city      | marks | phone      |
+----+--------+------+-----------+-------+------------+
|  1 | Anas   |   22 | Delhi     |    88 | NULL       |
|  2 | Zara   |   20 | Mumbai    |    72 | 9876543210 |
|  3 | Muskan |   23 | Kolkata   |    92 | 8765432109 |
|  4 | Aman   |   18 | Delhi     |    60 | NULL       |
|  5 | Riya   |   21 | Hyderabad |    78 | 9999999999 |
|  6 | Neha   |   24 | pune      |    81 | 8888888888 |
+----+--------+------+-----------+-------+------------+
```


### ✅ UPDATE
```sql
UPDATE college SET marks = 92 WHERE name = 'Anas';
```
 Anas ke marks update kiye gaye 92 karne ke liye.

### ✅ DELETE
```sql
DELETE FROM college WHERE name = 'Zara';
```
```mysql
 select * from college;
+----+--------+------+-----------+-------+------------+
| id | name   | age  | city      | marks | phone      |
+----+--------+------+-----------+-------+------------+
|  1 | Anas   |   22 | Delhi     |    88 | NULL       |
|  3 | Muskan |   23 | Kolkata   |    92 | 8765432109 |
|  4 | Aman   |   18 | Delhi     |    60 | NULL       |
|  5 | Riya   |   21 | Hyderabad |    85 | 9999999999 |
|  6 | Neha   |   24 | pune      |    81 | 8888888888 |
+----+--------+------+-----------+-------+------------+
5 rows in set (0.00 sec)

```

## 📊 SELECT Queries

 #### select name, marks from college where city = 'Delhi';
 ```mysql
+------+-------+
| name | marks |
+------+-------+
| Anas |    88 |
| Aman |    60 |
+------+-------+
2 rows in set (0.00 sec)
```

###  1. Hyderabad ke students jinka age > 20
```sql
SELECT * FROM college WHERE city = 'Hyderabad' AND age > 20;
```

### 🎯 2. Top 2 students with lowest marks
```sql
SELECT * FROM college ORDER BY marks ASC LIMIT 2;
```
```mysql
+----+------+------+-------+-------+------------+
| id | name | age  | city  | marks | phone      |
+----+------+------+-------+-------+------------+
|  4 | Aman |   18 | Delhi |    60 | NULL       |
|  6 | Neha |   24 | pune  |    81 | 8888888888 |
```
#### highest 
```mysql
select * from college order by marks desc limit 2;
```
```mysql
+----+--------+------+---------+-------+------------+
| id | name   | age  | city    | marks | phone      |
+----+--------+------+---------+-------+------------+
|  1 | Anas   |   22 | Delhi   |    92 | NULL       |
|  3 | Muskan |   23 | Kolkata |    92 | 8765432109 |
+----+--------+------+---------+-------+------------+
2 rows in set (0.01 sec)
```

### 🎯 3. Name 'a' se shuru ho aur city 'Delhi' ho
```sql
SELECT * FROM college WHERE name LIKE 'a%' AND city = 'Delhi';
```
```mysql
+----+------+------+-------+-------+-------+
| id | name | age  | city  | marks | phone |
+----+------+------+-------+-------+-------+
|  1 | Anas |   22 | Delhi |    92 | NULL  |
|  4 | Aman |   18 | Delhi |    60 | NULL  |
+----+------+------+-------+-------+-------+
2 rows in set (0.01 sec)

```


### 🎯 4. Jinka phone number NULL nahi ho aur marks > 80 ho
```sql
SELECT * FROM college WHERE phone IS NOT NULL AND marks > 80;
```

```mysql
+----+--------+------+-----------+-------+------------+
| id | name   | age  | city      | marks | phone      |
+----+--------+------+-----------+-------+------------+
|  3 | Muskan |   23 | Kolkata   |    92 | 8765432109 |
|  5 | Riya   |   21 | Hyderabad |    85 | 9999999999 |
|  6 | Neha   |   24 | pune      |    81 | 8888888888 |
+----+--------+------+-----------+-------+------------+
3 rows in set (0.00 sec)
```

## 🔍 Filter Conditions

### ✅ LIKE (Search name with 'a' in it)
```sql
SELECT * FROM college WHERE name LIKE '%a%';
```
```mysql
+----+--------+------+-----------+-------+------------+
| id | name   | age  | city      | marks | phone      |
+----+--------+------+-----------+-------+------------+
|  1 | Anas   |   22 | Delhi     |    92 | NULL       |
|  3 | Muskan |   23 | Kolkata   |    92 | 8765432109 |
|  4 | Aman   |   18 | Delhi     |    60 | NULL       |
|  5 | Riya   |   21 | Hyderabad |    85 | 9999999999 |
|  6 | Neha   |   24 | pune      |    81 | 8888888888 |
+----+--------+------+-----------+-------+------------+
5 rows in set (0.03 sec)
```


### ✅ IN (Multiple cities filter)
```sql
SELECT * FROM college WHERE city IN ('Delhi', 'Mumbai');
```
```mysql
+----+------+------+-------+-------+-------+
| id | name | age  | city  | marks | phone |
+----+------+------+-------+-------+-------+
|  1 | Anas |   22 | Delhi |    92 | NULL  |
|  4 | Aman |   18 | Delhi |    60 | NULL  |
+----+------+------+-------+-------+-------+
2 rows in set (0.01 sec)
```

### ✅ BETWEEN (Marks range filter)
```sql
SELECT * FROM college WHERE marks BETWEEN 70 AND 90;
```
```mysql
+----+------+------+-----------+-------+------------+
| id | name | age  | city      | marks | phone      |
+----+------+------+-----------+-------+------------+
|  5 | Riya |   21 | Hyderabad |    85 | 9999999999 |
|  6 | Neha |   24 | pune      |    81 | 8888888888 |
+----+------+------+-----------+-------+------------+
2 rows in set (0.01 sec)
```


### ✅ IS NULL / IS NOT NULL
```sql
SELECT * FROM college WHERE phone IS NULL;
SELECT * FROM college WHERE phone IS NOT NULL;
```
```mysql
+----+------+------+-------+-------+-------+
| id | name | age  | city  | marks | phone |
+----+------+------+-------+-------+-------+
|  1 | Anas |   22 | Delhi |    92 | NULL  |
|  4 | Aman |   18 | Delhi |    60 | NULL  |
+----+------+------+-------+-------+-------+
2 rows in set (0.00 sec)

```
```mysql
mysql> select * from college where phone is not  null;
+----+--------+------+-----------+-------+------------+
| id | name   | age  | city      | marks | phone      |
+----+--------+------+-----------+-------+------------+
|  3 | Muskan |   23 | Kolkata   |    92 | 8765432109 |
|  5 | Riya   |   21 | Hyderabad |    85 | 9999999999 |
|  6 | Neha   |   24 | pune      |    81 | 8888888888 |
+----+--------+------+-----------+-------+------------+
3 rows in set (0.00 sec)
```



## 🔁 ORDERING & LIMIT

### ✅ Order by marks ASC
```sql
SELECT * FROM college ORDER BY marks ASC;
```
```mysql
+----+--------+------+-----------+-------+------------+
| id | name   | age  | city      | marks | phone      |
+----+--------+------+-----------+-------+------------+
|  4 | Aman   |   18 | Delhi     |    60 | NULL       |
|  6 | Neha   |   24 | pune      |    81 | 8888888888 |
|  5 | Riya   |   21 | Hyderabad |    85 | 9999999999 |
|  1 | Anas   |   22 | Delhi     |    92 | NULL       |
|  3 | Muskan |   23 | Kolkata   |    92 | 8765432109 |
+----+--------+------+-----------+-------+------------+
```

### ✅ Top 3 by highest marks
```sql
SELECT * FROM college ORDER BY marks DESC LIMIT 3;
```
```mysql
+----+--------+------+-----------+-------+------------+
| id | name   | age  | city      | marks | phone      |
+----+--------+------+-----------+-------+------------+
|  1 | Anas   |   22 | Delhi     |    92 | NULL       |
|  3 | Muskan |   23 | Kolkata   |    92 | 8765432109 |
|  5 | Riya   |   21 | Hyderabad |    85 | 9999999999 |
+----+--------+------+-----------+-------+------------+
```

## 📊 GROUP BY and Aggregates

### ✅ City wise student count
```sql
SELECT city, COUNT(*) AS total_student FROM college GROUP BY city;
```
```mysql
+-----------+---------------+
| city      | total_student |
+-----------+---------------+
| Delhi     |             2 |
| Kolkata   |             1 |
| Hyderabad |             1 |
| pune      |             1 |
+-----------+---------------+
4 rows in set (0.14 sec)
```


### ✅ City wise average marks
```sql
SELECT city, AVG(marks) AS avg_marks FROM college GROUP BY city;
```
```mysql
+-----------+-----------+
| city      | avg_marks |
+-----------+-----------+
| Delhi     |   76.0000 |
| Kolkata   |   92.0000 |
| Hyderabad |   85.0000 |
| pune      |   81.0000 |
+-----------+-----------+
4 rows in set (0.02 sec)
```


### ✅ City wise highest marks
```sql
SELECT city, MAX(marks) AS highest_marks FROM college GROUP BY city;
```
```mysql
+-----------+---------------+
| city      | highest_marks |
+-----------+---------------+
| Delhi     |            92 |
| Kolkata   |            92 |
| Hyderabad |            85 |
| pune      |            81 |
+-----------+---------------+
4 rows in set (0.02 sec)
```


### ✅ City wise total students (only if students >= 2)
```sql
SELECT city, COUNT(*) AS total_student FROM college GROUP BY city HAVING COUNT(*) >= 2;
```
```mysql
+-------+---------------+
| city  | total_student |
+-------+---------------+
| Delhi |             2 |
+-------+---------------+
1 row in set (0.03 sec)
```


## 🔐 Transactions (START, ROLLBACK, COMMIT)

### ✅ Start a transaction
```sql
START TRANSACTION;
```

### ✅ Update within transaction
```sql
UPDATE college SET marks = 96 WHERE name = 'Anas';
```
```mysql 
mysql> select * from college;

+----+--------+------+-----------+-------+------------+
| id | name   | age  | city      | marks | phone      |
+----+--------+------+-----------+-------+------------+
|  1 | Anas   |   22 | Delhi     |    96 | NULL       |
|  3 | Muskan |   23 | Kolkata   |    92 | 8765432109 |
|  4 | Aman   |   18 | Delhi     |    60 | NULL       |
|  5 | Riya   |   21 | Hyderabad |    85 | 9999999999 |
|  6 | Neha   |   24 | pune      |    81 | 8888888888 |
+----+--------+------+-----------+-------+------------+
5 rows in set (0.00 sec)
```
### ✅ Rollback the changes
```sql
ROLLBACK;
```
```mysql
ysql> select * from college;
+----+--------+------+-----------+-------+------------+
| id | name   | age  | city      | marks | phone      |
+----+--------+------+-----------+-------+------------+
|  1 | Anas   |   22 | Delhi     |    88 | NULL       |
|  3 | Muskan |   23 | Kolkata   |    92 | 8765432109 |
|  4 | Aman   |   18 | Delhi     |    60 | NULL       |
|  5 | Riya   |   21 | Hyderabad |    85 | 9999999999 |
|  6 | Neha   |   24 | pune      |    81 | 8888888888 |
+----+--------+------+-----------+-------+------------+
5 rows in set (0.00 sec)
```

### ✅ Commit the changes
```sql
COMMIT;
```
```mysql
select * from college;
+----+--------+------+-----------+-------+------------+
| id | name   | age  | city      | marks | phone      |
+----+--------+------+-----------+-------+------------+
|  1 | Anas   |   22 | Delhi     |    88 | NULL       |
|  3 | Muskan |   23 | Kolkata   |    92 | 8765432109 |
|  4 | Aman   |   18 | Delhi     |    60 | NULL       |
|  5 | Riya   |   21 | Hyderabad |    85 | 9999999999 |
|  6 | Neha   |   24 | pune      |    81 | 8888888888 |
+----+--------+------+-----------+-------+------------+
5 rows in set (0.00 sec)
```

### DDl

### ✅ Create Table
```sql
CREATE TABLE test (id INT, name VARCHAR(50));
```

### ✅ Add Column
```sql
ALTER TABLE test ADD age INT;
```

### ✅ Drop Column
```sql
ALTER TABLE test DROP COLUMN age;
```

### ✅ Rename Table
```sql
RENAME TABLE test TO temp;
```

### ✅ Delete Table Data
```sql
DELETE FROM temp WHERE id = 1;
```

### ✅ Drop Table
```sql
DROP TABLE temp;
```




#### now create  one new table employees  and perform whre order by limit like between in  is null  is not null  and or not 

# SQL Practice Session with Employees Table

##  Create Employees Table
```sql
CREATE TABLE employees (
    emp_id INT PRIMARY KEY,
    name VARCHAR(50),
    department VARCHAR(50),
    salary INT,
    city VARCHAR(50),
    age INT,
    phone VARCHAR(15)
);



```mysql
INSERT INTO employees (emp_id, name, department, salary, city, age, phone)
VALUES
  (101, 'Anjali Sharma', 'HR', 50000, 'Delhi', 28, '9876543210'),
  (102, 'Ramesh Verma', 'IT', 75000, 'Mumbai', 32, NULL),
  (103, 'Priya Singh', 'Finance', 68000, 'Kolkata', 30, '8765432109'),
  (104, 'Amit Patel', 'IT', 80000, 'Delhi', 35, NULL),
  (105, 'Sara Ali', 'HR', 52000, 'Bangalore', 26, '8888888888'),
  (106, 'Karan Mehra', 'Sales', 47000, 'Chennai', 29, NULL),
  (107, 'Nisha Roy', 'Finance', 60000, 'Mumbai', 31, '9999999999'),
  (108, 'Alok Yadav', 'Sales', 49000, 'Kolkata', 27, NULL),
  (109, 'Divya Kaul', 'IT', 70000, 'Bangalore', 33, '9111223344'),
  (110, 'Ravi Kumar', 'Finance', 62000, 'Delhi', 30, NULL);

```

  `WHERE Clause – Filter based on a single condition`
 Show all employees from the IT department.

```mysql
SELECT * FROM employees
WHERE department = 'IT';
```

```mysql
+--------+--------------+------------+--------+-----------+------+------------+
| emp_id | name         | department | salary | city      | age  | phone      |
+--------+--------------+------------+--------+-----------+------+------------+
|    102 | Ramesh Verma | IT         |  75000 | Mumbai    |   32 | NULL       |
|    104 | Amit Patel   | IT         |  80000 | Delhi     |   35 | NULL       |
|    109 | Divya Kaul   | IT         |  70000 | Bangalore |   33 | 9111223344 |
+--------+--------------+------------+--------+-----------+------+------------+
3 rows in set (0.05 sec)
```

   ` ORDER BY Clause – Sort results`
   
 Show all employees sorted by salary in descending order.

```sql

SELECT * FROM employees
ORDER BY salary DESC;
```
```mysql
+--------+---------------+------------+--------+-----------+------+------------+
| emp_id | name          | department | salary | city      | age  | phone      |
+--------+---------------+------------+--------+-----------+------+------------+
|    104 | Amit Patel    | IT         |  80000 | Delhi     |   35 | NULL       |
|    102 | Ramesh Verma  | IT         |  75000 | Mumbai    |   32 | NULL       |
|    109 | Divya Kaul    | IT         |  70000 | Bangalore |   33 | 9111223344 |
|    103 | Priya Singh   | Finance    |  68000 | Kolkata   |   30 | 8765432109 |
|    110 | Ravi Kumar    | Finance    |  62000 | Delhi     |   30 | NULL       |
|    107 | Nisha Roy     | Finance    |  60000 | Mumbai    |   31 | 9999999999 |
|    105 | Sara Ali      | HR         |  52000 | Bangalore |   26 | 8888888888 |
|    101 | Anjali Sharma | HR         |  50000 | Delhi     |   28 | 9876543210 |
|    108 | Alok Yadav    | Sales      |  49000 | Kolkata   |   27 | NULL       |
|    106 | Karan Mehra   | Sales      |  47000 | Chennai   |   29 | NULL       |
+--------+---------------+------------+--------+-----------+------+------------+
```

Show employees from HR department sorted by age in ascending order.

```sql

SELECT * FROM employees
WHERE department = 'HR'
ORDER BY age ASC;
```
```mysql
+--------+---------------+------------+--------+-----------+------+------------+
| emp_id | name          | department | salary | city      | age  | phone      |
+--------+---------------+------------+--------+-----------+------+------------+
|    105 | Sara Ali      | HR         |  52000 | Bangalore |   26 | 8888888888 |
|    101 | Anjali Sharma | HR         |  50000 | Delhi     |   28 | 9876543210 |
+--------+---------------+------------+--------+-----------+------+------------+
2 rows in set (0.00 sec)
```



`ORDER BY Clause – Sort results`
. Show all employees sorted by salary in descending order.

```sql

SELECT * FROM employees
ORDER BY salary DESC;
```
```mysql
+--------+--------------+------------+--------+-----------+------+------------+
| emp_id | name         | department | salary | city      | age  | phone      |
+--------+--------------+------------+--------+-----------+------+------------+
|    104 | Amit Patel   | IT         |  80000 | Delhi     |   35 | NULL       |
|    102 | Ramesh Verma | IT         |  75000 | Mumbai    |   32 | NULL       |
|    109 | Divya Kaul   | IT         |  70000 | Bangalore |   33 | 9111223344 |
+--------+--------------+------------+--------+-----------+------+------------+
```



`. Show employees from HR department sorted by age in ascending order.`

  ```mysql
SELECT * FROM employees
WHERE department = 'HR'
ORDER BY age ASC;
```
```mysql

+--------+---------------+------------+--------+-----------+------+------------+
| emp_id | name          | department | salary | city      | age  | phone      |
+--------+---------------+------------+--------+-----------+------+------------+
|    105 | Sara Ali      | HR         |  52000 | Bangalore |   26 | 8888888888 |
|    101 | Anjali Sharma | HR         |  50000 | Delhi     |   28 | 9876543210 |
+--------+---------------+------------+--------+-----------+------+------------+
2 rows in set (0.00 sec)
```

` Logical Operators – AND, OR, NOT`
 Show employees who are in Delhi AND have salary greater than 60000.

```sql

SELECT * FROM employees
WHERE city = 'Delhi' AND salary > 60000;
```

```mysql
+--------+------------+------------+--------+-------+------+-------+
| emp_id | name       | department | salary | city  | age  | phone |
+--------+------------+------------+--------+-------+------+-------+
|    104 | Amit Patel | IT         |  80000 | Delhi |   35 | NULL  |
|    110 | Ravi Kumar | Finance    |  62000 | Delhi |   30 | NULL  |
+--------+------------+------------+--------+-------+------+-------+

```

`Show employees who are in HR OR Sales department.`

```sql

SELECT * FROM employees
WHERE department = 'HR' OR department = 'Sales';

```
```mysql
+--------+---------------+------------+--------+-----------+------+------------+
| emp_id | name          | department | salary | city      | age  | phone      |
+--------+---------------+------------+--------+-----------+------+------------+
|    101 | Anjali Sharma | HR         |  50000 | Delhi     |   28 | 9876543210 |
|    105 | Sara Ali      | HR         |  52000 | Bangalore |   26 | 8888888888 |
|    106 | Karan Mehra   | Sales      |  47000 | Chennai   |   29 | NULL       |
|    108 | Alok Yadav    | Sales      |  49000 | Kolkata   |   27 | NULL       |
+--------+---------------+------------+--------+-----------+------+------------
```

` Show employees NOT in the IT department.`

```sql

SELECT * FROM employees
WHERE NOT department = 'IT';
```
```mysql
+--------+---------------+------------+--------+-----------+------+------------+
| emp_id | name          | department | salary | city      | age  | phone      |
+--------+---------------+------------+--------+-----------+------+------------+
|    101 | Anjali Sharma | HR         |  50000 | Delhi     |   28 | 9876543210 |
|    103 | Priya Singh   | Finance    |  68000 | Kolkata   |   30 | 8765432109 |
|    105 | Sara Ali      | HR         |  52000 | Bangalore |   26 | 8888888888 |
|    106 | Karan Mehra   | Sales      |  47000 | Chennai   |   29 | NULL       |
|    107 | Nisha Roy     | Finance    |  60000 | Mumbai    |   31 | 9999999999 |
|    108 | Alok Yadav    | Sales      |  49000 | Kolkata   |   27 | NULL       |
|    110 | Ravi Kumar    | Finance    |  62000 | Delhi     |   30 | NULL       |
```



`Pattern Matching – LIKE`
 Show employees whose name starts with 'A'.

```sql

SELECT * FROM employees
WHERE name LIKE 'A%';
```
```mysql
+--------+---------------+------------+--------+---------+------+------------+
| emp_id | name          | department | salary | city    | age  | phone      |
+--------+---------------+------------+--------+---------+------+------------+
|    101 | Anjali Sharma | HR         |  50000 | Delhi   |   28 | 9876543210 |
|    104 | Amit Patel    | IT         |  80000 | Delhi   |   35 | NULL       |
|    108 | Alok Yadav    | Sales      |  49000 | Kolkata |   27 | NULL       |
+--------+---------------+------------+--------+---------+------+------------+
3 rows in set (0.01 sec)
```
` Show employees whose name ends with 'a'.`

```sql

SELECT * FROM employees
WHERE name LIKE '%a';
```
```mysql
+--------+---------------+------------+--------+---------+------+------------+
| emp_id | name          | department | salary | city    | age  | phone      |
+--------+---------------+------------+--------+---------+------+------------+
|    101 | Anjali Sharma | HR         |  50000 | Delhi   |   28 | 9876543210 |
|    102 | Ramesh Verma  | IT         |  75000 | Mumbai  |   32 | NULL       |
|    106 | Karan Mehra   | Sales      |  47000 | Chennai |   29 | NULL       |
+--------+---------------+------------+--------+---------+------+------------+
3 rows in set (0.00 sec)
```

`Show employees whose name contains 'sh' anywhere.`

```sql

SELECT * FROM employees
WHERE name LIKE '%sh%';
```
```mysql
+--------+---------------+------------+--------+--------+------+------------+
| emp_id | name          | department | salary | city   | age  | phone      |
+--------+---------------+------------+--------+--------+------+------------+
|    101 | Anjali Sharma | HR         |  50000 | Delhi  |   28 | 9876543210 |
|    102 | Ramesh Verma  | IT         |  75000 | Mumbai |   32 | NULL       |
|    107 | Nisha Roy     | Finance    |  60000 | Mumbai |   31 | 9999999999 |
+--------+---------------+------------+--------+--------+------+------------+
3 rows in set (0.00 sec)
```

`Range Checking – BETWEEN`


`Show employees whose salary is between 50000 and 70000.`

```sql

SELECT * FROM employees
WHERE salary BETWEEN 50000 AND 70000;
```
```mysql
+--------+---------------+------------+--------+-----------+------+------------+
| emp_id | name          | department | salary | city      | age  | phone      |
+--------+---------------+------------+--------+-----------+------+------------+
|    101 | Anjali Sharma | HR         |  50000 | Delhi     |   28 | 9876543210 |
|    103 | Priya Singh   | Finance    |  68000 | Kolkata   |   30 | 8765432109 |
|    105 | Sara Ali      | HR         |  52000 | Bangalore |   26 | 8888888888 |
|    107 | Nisha Roy     | Finance    |  60000 | Mumbai    |   31 | 9999999999 |
|    109 | Divya Kaul    | IT         |  70000 | Bangalore |   33 | 9111223344 |
|    110 | Ravi Kumar    | Finance    |  62000 | Delhi     |   30 | NULL       |
+--------+---------------+------------+--------+-----------+------+------------+
```

`Show employees aged between 28 and 32.`

```sql

SELECT * FROM employees
WHERE age BETWEEN 28 AND 32;
```

```mysql
+--------+---------------+------------+--------+---------+------+------------+
| emp_id | name          | department | salary | city    | age  | phone      |
+--------+---------------+------------+--------+---------+------+------------+
|    101 | Anjali Sharma | HR         |  50000 | Delhi   |   28 | 9876543210 |
|    102 | Ramesh Verma  | IT         |  75000 | Mumbai  |   32 | NULL       |
|    103 | Priya Singh   | Finance    |  68000 | Kolkata |   30 | 8765432109 |
|    106 | Karan Mehra   | Sales      |  47000 | Chennai |   29 | NULL       |
|    107 | Nisha Roy     | Finance    |  60000 | Mumbai  |   31 | 9999999999 |
|    110 | Ravi Kumar    | Finance    |  62000 | Delhi   |   30 | NULL       |
```



##### Set Checking – IN

`Show employees who are in Delhi, Mumbai, or Kolkata.`

```sql

SELECT * FROM employees
WHERE city IN ('Delhi', 'Mumbai', 'Kolkata');

```

```mysql
+--------+---------------+------------+--------+---------+------+------------+
| emp_id | name          | department | salary | city    | age  | phone      |
+--------+---------------+------------+--------+---------+------+------------+
|    101 | Anjali Sharma | HR         |  50000 | Delhi   |   28 | 9876543210 |
|    102 | Ramesh Verma  | IT         |  75000 | Mumbai  |   32 | NULL       |
|    103 | Priya Singh   | Finance    |  68000 | Kolkata |   30 | 8765432109 |
|    104 | Amit Patel    | IT         |  80000 | Delhi   |   35 | NULL       |
|    107 | Nisha Roy     | Finance    |  60000 | Mumbai  |   31 | 9999999999 |
|    108 | Alok Yadav    | Sales      |  49000 | Kolkata |   27 | NULL       |
|    110 | Ravi Kumar    | Finance    |  62000 | Delhi   |   30 | NULL       |
+--------+---------------+------------+--------+---------+------+------------+
```






### NULL Handling – IS NULL / IS NOT NULL
`. Show employees who don’t have a phone number.`

```sql

SELECT * FROM employees
WHERE phone IS NULL;
```
```mysql
+--------+--------------+------------+--------+---------+------+-------+
| emp_id | name         | department | salary | city    | age  | phone |
+--------+--------------+------------+--------+---------+------+-------+
|    102 | Ramesh Verma | IT         |  75000 | Mumbai  |   32 | NULL  |
|    104 | Amit Patel   | IT         |  80000 | Delhi   |   35 | NULL  |
|    106 | Karan Mehra  | Sales      |  47000 | Chennai |   29 | NULL  |
|    108 | Alok Yadav   | Sales      |  49000 | Kolkata |   27 | NULL  |
|    110 | Ravi Kumar   | Finance    |  62000 | Delhi   |   30 | NULL  |
+--------+--------------+------------+--------+---------+------+-------+
5 rows in set (0.00 sec)
```



```sql
  
SELECT * FROM employees
WHERE phone IS NOT NULL;

```

```mysql
+--------+---------------+------------+--------+-----------+------+------------+
| emp_id | name          | department | salary | city      | age  | phone      |
+--------+---------------+------------+--------+-----------+------+------------+
|    101 | Anjali Sharma | HR         |  50000 | Delhi     |   28 | 9876543210 |
|    103 | Priya Singh   | Finance    |  68000 | Kolkata   |   30 | 8765432109 |
|    105 | Sara Ali      | HR         |  52000 | Bangalore |   26 | 8888888888 |
|    107 | Nisha Roy     | Finance    |  60000 | Mumbai    |   31 | 9999999999 |
|    109 | Divya Kaul    | IT         |  70000 | Bangalore |   33 | 9111223344 |

```



BONUS: Combine Multiple Concepts
` Show top 2 employees from IT or Finance departments with salary above 60000.`

  ```sql

SELECT * FROM employees
WHERE department IN ('IT', 'Finance') AND salary > 60000
ORDER BY salary DESC
LIMIT 2;
```

```mysql
+--------+--------------+------------+--------+--------+------+-------+
| emp_id | name         | department | salary | city   | age  | phone |
+--------+--------------+------------+--------+--------+------+-------+
|    104 | Amit Patel   | IT         |  80000 | Delhi  |   35 | NULL  |
|    102 | Ramesh Verma | IT         |  75000 | Mumbai |   32 | NULL  |
+--------+--------------+------------+--------+--------+------+-------+
2 rows in set (0.01 sec)

```
